video_id,title,channel,channel_id,description,published_at,thumbnail,url,views,likes,comments,duration_iso,duration_minutes,keyword,score,notion_page_id,has_script,concept
KDvFJ4R-S2I,How I Automated My Business With ChatGPT & Zapier,Anik Singal,UCinyEr-Fly9Yp1zMFx_D0cQ,"Create Your FREE Account With Zapier - https://bit.ly/4barUo5

How I Automated My Business With ChatGPT & Zapier - Complete Beginner's Guide

Learn how to automate your business using ChatGPT, Zapier, and Google Sheets—even if you’re a complete beginner. In this step-by-step tutorial, you’ll discover how to turn repetitive, time-consuming tasks into powerful AI-driven workflows without writing a single line of code. From automatically generating Twitter ads and cleaning messy data to creating weekly reports, smart alerts, and invoice processing, this video shows you exactly how modern businesses use automation to save hours every week.

You’ll also learn how to connect ChatGPT via the OpenAI API for browser-free automation, process PDFs like invoices and contracts, and build scalable systems that work 24/7 in the background. Whether you’re a small business owner, creator, freelancer, or entrepreneur, this beginner-friendly guide will help you work smarter, reduce manual work, and unlock real productivity gains using AI automation.

Timestamps:

00:00 - Automating a Business with ChatGPT, Zapier & Sheets
01:10 - The Automation Dream Team Explained
02:08 - Why Zapier Is the Secret Weapon?
03:05 - What We’re Building in This Tutorial
09:30 - Live Demo & Automation Results
12:29 - Automated Invoicing with Zapier
15:51 - Browser-Free Automation Setup
18:21 - Real Business Success Story
21:21 - Call to Action: Start Automating Today

============================================

👇Subscribe To The Channel By Clicking Below!👇
https://www.youtube.com/user/aniksingalcom?sub_confirmation=1

CHECK OUT THESE TOP TRENDING PLAYLISTS NOW! 

Fighting Entrepreneur - https://www.youtube.com/watch?v=D9nsNOu3gIE&list=PLEmF7qw7SECK1hy5U5nodHoCg7ANzXukz

Master Copywriting With Anik Singal - https://www.youtube.com/watch?v=CjOAWP1DKAk&list=PLEmF7qw7SECKouq97MqF5zFi1Xb-VFyMY&index=2&t=0s

Facebook Advertising Strategies - 
https://www.youtube.com/watch?v=BMQh6zA3HUY&list=PLEmF7qw7SECJUULNlnAGHvcegeQbIAHZp

How To Become A Better Entrepreneur - https://www.youtube.com/playlist?list=PLEmF7qw7SECKVlP2eOsF_XpYBYhlTGAVU

============================================

In May 2022, my life changed.

Up until that point, I had spent over 20 years as a serial entrepreneur, founding multiple companies and becoming globally recognized for my expertise in direct marketing, copywriting, compliant marketing, and now, investing in AI & Martech SaaS.

In 2022, my company, Lurn, was on track to hit $40 million/year, and I was preparing to sell it—ready to step back, spend more time with my kids, and move on to my next chapter.

But then, in May 2022, everything changed.

A FedEx package from the FTC landed on my desk.

And just like that, my entire world turned upside down.

The Fight of My Life

For the next 18 months, I battled through a grueling legal process.

- My company was in trouble.
-  The sale I had planned was gone.
-  The lawsuit cost me over $15 million—$2.5M in fines, plus millions more on my team, lawyers, and discovery.

It was one of the hardest times of my life. But as painful as it was, it taught me something invaluable.

Something that I’ve always taught to millions of Entrepreneurs over the 
years…

When Life Pushes You Stand Straight, Smile & Push It The Heck Back

When I finally settled the case, I realized something:

Most entrepreneurs don’t understand compliance… until it’s too late.

===========

#ai #aitools #aiautomation #aiautomationagency #aiforbusiness #aiforbeginners #aiforcreators #chatgpt #gpt5 #gpt #openai #zapier #googlesheets #google #bestaitools #aivideo",2026-01-02T12:45:06Z,https://i.ytimg.com/vi/KDvFJ4R-S2I/hqdefault.jpg,https://www.youtube.com/watch?v=KDvFJ4R-S2I,9081,396,14,PT21M44S,21.733333333333334,Zapier workflow automation tips,38.5863385685557,,True,celebrity
m-kWrOvA49U,Zapier AI Beginners Tutorial: Agents & Automations Made Simple,AI Master,UC0yHbz4OxdQFwmVX2BBQqLg,"#sponsored Check out my custom Zapier Copilot prompt here! https://bit.ly/4nKm7bI
🚀 Become an AI Master – All-in-one AI Learning https://whop.com/c/become-pro/ylqxkdp1c5k

Zapier seems complicated—until you see it explained the right way. In this video, I show you exactly what Zapier does, how to build your first automations, and when it's actually worth paying for.

🔧 What You'll Learn:
• What Zapier actually is (and why everyone gets confused)
• Free vs. Paid plans—honest breakdown
• Building your first Zap step-by-step (Google Forms → Sheets → Slack)
• Advanced workflows: Email-to-task automation with AI formatting
• ChatGPT + Zapier integrations for content automation
• Budget tips and when NOT to use Zapier

⏱️ Timestamps:
0:00 – Why Zapier Feels So Confusing
0:29 – What Is a Zap? (Simple Explanation)
0:50 – What Problems Does Zapier Solve?
1:40 – Free vs. Paid: Reality Check
2:47 – First Zap Walkthrough (3-Step Automation)
3:58 – Intermediate: Email-to-Task with AI Formatting
6:10 – AI Integrations — ChatGPT Plus Zapier
7:34 – Budget-Friendly Tips & When NOT to Use Zapier
8:37 – Final Thoughts


🙏 Thanks for watching! If this helped you understand Zapier, hit the like button and subscribe for more practical AI automation tutorials.

#Zapier #Automation #NoCode #Productivity #AItools",2025-11-05T15:01:39Z,https://i.ytimg.com/vi/m-kWrOvA49U/hqdefault.jpg,https://www.youtube.com/watch?v=m-kWrOvA49U,20720,235,97,PT9M10S,9.166666666666666,Zapier workflow automation tips,25.24872250365761,,True,celebrity
SVkiqiSVo3k,Make.com Tutorial for Beginners (2026) – Full Guide,Metics Media,UCuwpzP90g1LuGk6JUNms_AQ,"Complete Make.com tutorial for beginners! Learn how to build powerful automations from scratch with AI agents, web scraping, and app integrations. No coding required—perfect for absolute beginners getting started with automation.
✅ Make․com (Free): https://meticsmedia.com/make-8D5

Tally (Free): https://meticsmedia.com/tally-8D5
Browse (Free): https://meticsmedia.com/browse-8D5

In this step-by-step guide, you'll build a real-world automation that handles contact form submissions, researches websites, schedules meetings, and sends personalized emails—all automatically.

What You'll Learn:
✔️ Creating your first Make.com scenario from scratch
✔️ Connecting web forms, spreadsheets, and AI tools
✔️ Using routers and filters to add conditional logic
✔️ Setting up web scraping with Browse AI
✔️ Building an AI agent with Google Calendar and Gmail tools
✔️ Testing, troubleshooting, and using templates

🔗 Links Mentioned in Video
Google Sheets: https://sheets.google.com
Browse AI Prebuilt Robots: https://browse.ai/prebuilt-robots
System Prompt Template: https://docs.google.com/document/d/1aIvEjzZaDK1J0FsDuAoggMCA7vXUfVzg853t0JTHyQM/edit?usp=sharing

📍 Exclusive Deals & Discounts: https://meticsmedia.com/deals

⏱️ Timestamps
0:00 Intro
0:20 Account Setup & Connect Your First App
1:44 Add Triggers and Webhooks
4:25 Store Form Data in Google Sheets
5:59 Adding Conditional Logic & Filters
7:19 Scrape the Web with Browse AI
12:27 Make Your Automation Smart with AI Agents
13:47 Automate Events with Google Calendar
15:08 Automate Emails with Gmail
16:25 Test & Activate Your Workflow
16:44 Troubleshooting & Error Handling
17:01 Templates & Community Resources

📄 Disclosure
Some of the links are affiliate links. If you make a purchase through them, we earn a small commission at no extra cost to you. This helps us keep our videos free for everyone.",2026-01-21T12:00:59Z,https://i.ytimg.com/vi/SVkiqiSVo3k/hqdefault.jpg,https://www.youtube.com/watch?v=SVkiqiSVo3k,5804,128,8,PT17M50S,17.833333333333332,Make.com automation tutorial,23.330251830340764,,True,tips
UL76TS335Vs,Learn Make.com in 6 Minutes: Workflow Automation Tutorial for Beginners (2025),ItsKeaton,UCROsCSoY7I_QZuS4QGQckOA,"⚙️ Automate Your Business Today with Make 👉 https://www.make.com/en/register?pc=keaton17

🚀 30-Day Free Trial of HighLevel + $8324 in Bonuses 👉 https://www.gohighlevel.com/keaton-walker?fp_ref=vmuk5&utm_source=youtube&utm_medium=organic&utm_campaign=howto&utm_content=vid_make

📧 Join my Newsletter 👉 https://go.itskeaton.com/dd
📚 Browse my Courses + Templates + Bonuses 👉 http://go.itskeaton.com/courses

⚠️ IMPORTANT ⚠️ : Don't use an ad blocker or Chrome extension when clicking on the link, it will block affiliate tracking and you will NOT receive any of my bonuses

If you’ve already signed up and not received bonuses to your email, follow these steps: 
1) Check your Spam Folder 
2) If it isn’t there, follow these steps: https://go.itskeaton.com/ghltroubleshoot

If you’ve ever wished your apps could just talk to each other and get stuff done automatically — this is your video.

In this tutorial, Ben walks through how to use Make.com (formerly Integromat) — one of the most powerful no-code automation platforms on the internet. You’ll see how to connect Gmail, Slack, Google Sheets, and more to create seamless workflows that save hours of manual work every single week.

We’ll cover everything from the dashboard setup, triggers, and actions… to real-world automations like email alerts, lead follow-ups, and AI-powered summaries. Plus, Ben breaks down the pros and cons versus other tools like Zapier and GoHighLevel — so you know exactly when to use each one.

If you’re serious about leveling up your systems, saving time, and automating your business like a pro… this is your starting point.

⚙️ Automate Your Business Today with Make 👉 https://www.make.com/en/register?pc=keaton17

00:00-Overview    
00:51-Dashboard    
01:32-Creating Automation    
03:58-Use Cases 

🚀 30-Day Free Trial of HighLevel + $8324 in Bonuses 👉 https://www.gohighlevel.com/keaton-walker?fp_ref=vmuk5&utm_source=youtube&utm_medium=organic&utm_campaign=howto&utm_content=vid_make

📧 Join my Newsletter 👉 https://go.itskeaton.com/dd
📚 Browse my Courses + Templates + Bonuses 👉 http://go.itskeaton.com/courses

#smma",2025-10-27T20:16:48Z,https://i.ytimg.com/vi/UL76TS335Vs/hqdefault.jpg,https://www.youtube.com/watch?v=UL76TS335Vs,6916,137,11,PT6M,6.0,Make.com automation tutorial,19.163677440154157,,True,tips
KDvFJ4R-S2I,How I Automated My Business With ChatGPT & Zapier,Anik Singal,UCinyEr-Fly9Yp1zMFx_D0cQ,"Create Your FREE Account With Zapier - https://bit.ly/4barUo5

How I Automated My Business With ChatGPT & Zapier - Complete Beginner's Guide

Learn how to automate your business using ChatGPT, Zapier, and Google Sheets—even if you’re a complete beginner. In this step-by-step tutorial, you’ll discover how to turn repetitive, time-consuming tasks into powerful AI-driven workflows without writing a single line of code. From automatically generating Twitter ads and cleaning messy data to creating weekly reports, smart alerts, and invoice processing, this video shows you exactly how modern businesses use automation to save hours every week.

You’ll also learn how to connect ChatGPT via the OpenAI API for browser-free automation, process PDFs like invoices and contracts, and build scalable systems that work 24/7 in the background. Whether you’re a small business owner, creator, freelancer, or entrepreneur, this beginner-friendly guide will help you work smarter, reduce manual work, and unlock real productivity gains using AI automation.

Timestamps:

00:00 - Automating a Business with ChatGPT, Zapier & Sheets
01:10 - The Automation Dream Team Explained
02:08 - Why Zapier Is the Secret Weapon?
03:05 - What We’re Building in This Tutorial
09:30 - Live Demo & Automation Results
12:29 - Automated Invoicing with Zapier
15:51 - Browser-Free Automation Setup
18:21 - Real Business Success Story
21:21 - Call to Action: Start Automating Today

============================================

👇Subscribe To The Channel By Clicking Below!👇
https://www.youtube.com/user/aniksingalcom?sub_confirmation=1

CHECK OUT THESE TOP TRENDING PLAYLISTS NOW! 

Fighting Entrepreneur - https://www.youtube.com/watch?v=D9nsNOu3gIE&list=PLEmF7qw7SECK1hy5U5nodHoCg7ANzXukz

Master Copywriting With Anik Singal - https://www.youtube.com/watch?v=CjOAWP1DKAk&list=PLEmF7qw7SECKouq97MqF5zFi1Xb-VFyMY&index=2&t=0s

Facebook Advertising Strategies - 
https://www.youtube.com/watch?v=BMQh6zA3HUY&list=PLEmF7qw7SECJUULNlnAGHvcegeQbIAHZp

How To Become A Better Entrepreneur - https://www.youtube.com/playlist?list=PLEmF7qw7SECKVlP2eOsF_XpYBYhlTGAVU

============================================

In May 2022, my life changed.

Up until that point, I had spent over 20 years as a serial entrepreneur, founding multiple companies and becoming globally recognized for my expertise in direct marketing, copywriting, compliant marketing, and now, investing in AI & Martech SaaS.

In 2022, my company, Lurn, was on track to hit $40 million/year, and I was preparing to sell it—ready to step back, spend more time with my kids, and move on to my next chapter.

But then, in May 2022, everything changed.

A FedEx package from the FTC landed on my desk.

And just like that, my entire world turned upside down.

The Fight of My Life

For the next 18 months, I battled through a grueling legal process.

- My company was in trouble.
-  The sale I had planned was gone.
-  The lawsuit cost me over $15 million—$2.5M in fines, plus millions more on my team, lawyers, and discovery.

It was one of the hardest times of my life. But as painful as it was, it taught me something invaluable.

Something that I’ve always taught to millions of Entrepreneurs over the 
years…

When Life Pushes You Stand Straight, Smile & Push It The Heck Back

When I finally settled the case, I realized something:

Most entrepreneurs don’t understand compliance… until it’s too late.

===========

#ai #aitools #aiautomation #aiautomationagency #aiforbusiness #aiforbeginners #aiforcreators #chatgpt #gpt5 #gpt #openai #zapier #googlesheets #google #bestaitools #aivideo",2026-01-02T12:45:06Z,https://i.ytimg.com/vi/KDvFJ4R-S2I/hqdefault.jpg,https://www.youtube.com/watch?v=KDvFJ4R-S2I,9081,396,14,PT21M44S,21.733333333333334,Automate small business tasks,38.5863385685557,,True,tips
